[
  {
    "image": "sample_6.png",
    "bbox_xyxy": [
      406.5023193359375,
      78.27164459228516,
      447.74713134765625,
      115.6666488647461
    ],
    "confidence": 0.775847315788269,
    "class_id": 0,
    "class_name": "Solarpanel"
  },
  {
    "image": "sample_6.png",
    "bbox_xyxy": [
      332.6561279296875,
      666.370361328125,
      369.319091796875,
      700.6303100585938
    ],
    "confidence": 0.7498537302017212,
    "class_id": 0,
    "class_name": "Solarpanel"
  },
  {
    "image": "sample_6.png",
    "bbox_xyxy": [
      529.0279541015625,
      370.14300537109375,
      564.7048950195312,
      401.7080383300781
    ],
    "confidence": 0.7451105713844299,
    "class_id": 0,
    "class_name": "Solarpanel"
  }
]